&quot;1&quot;;&quot;bbailey&quot;;&quot;Brooke Bailey&quot;;&quot;51 East Market Street&quot;;&quot;Harrisonburg&quot;;&quot;VA&quot;;&quot;11814&quot;
&quot;3&quot;;&quot;bbailey&quot;;&quot;Sarah&quot;;&quot;2343 East Wayward&quot;;&quot;San Antionio&quot;;&quot;TX&quot;;&quot;342342&quot;
&quot;4&quot;;&quot;SarahB&quot;;&quot;Sarah&quot;;&quot;567 East Market Street&quot;;&quot;Denver&quot;;&quot;CO&quot;;&quot;45678&quot;
&quot;5&quot;;&quot;Mathias-the-great&quot;;&quot;Mathias Walters&quot;;&quot;5689 East Side Highway&quot;;&quot;Harrisonburg&quot;;&quot;VA&quot;;&quot;22801&quot;
&quot;1&quot;;&quot;bbailey&quot;;&quot;1&quot;;&quot;567683&quot;;;;&quot;24&quot;
&quot;12&quot;;&quot;bbailey&quot;;&quot;3&quot;;&quot;782030&quot;;&quot;Blue&quot;;&quot;XS&quot;;&quot;15&quot;
&quot;13&quot;;&quot;bbailey&quot;;&quot;2&quot;;&quot;782030&quot;;&quot;Black&quot;;&quot;SM&quot;;&quot;24&quot;
&quot;24&quot;;&quot;bbailey&quot;;&quot;5&quot;;&quot;678096&quot;;&quot;Orange&quot;;;&quot;26&quot;
&quot;28&quot;;&quot;bbailey&quot;;&quot;1&quot;;&quot;567683&quot;;;;&quot;28&quot;
&quot;29&quot;;&quot;bbailey&quot;;&quot;1&quot;;&quot;243489&quot;;;&quot;4&quot;;&quot;39&quot;
&quot;30&quot;;&quot;bbailey&quot;;&quot;1&quot;;&quot;373940&quot;;;&quot;SMALL&quot;;&quot;39&quot;
&quot;31&quot;;&quot;bbailey&quot;;&quot;1&quot;;&quot;243489&quot;;;;&quot;0&quot;
&quot;35&quot;;&quot;bbailey&quot;;&quot;1&quot;;&quot;342527&quot;;;&quot;SMALL&quot;;&quot;0&quot;
&quot;38&quot;;&quot;bbailey&quot;;&quot;1&quot;;&quot;567683&quot;;;;&quot;0&quot;
&quot;39&quot;;&quot;SarahB&quot;;&quot;1&quot;;&quot;243489&quot;;;&quot;4&quot;;&quot;40&quot;
&quot;41&quot;;&quot;SarahB&quot;;&quot;3&quot;;&quot;466343&quot;;;&quot;LARGE&quot;;&quot;40&quot;
&quot;42&quot;;&quot;SarahB&quot;;&quot;1&quot;;&quot;782030&quot;;;&quot;X-SMALL&quot;;&quot;40&quot;
&quot;43&quot;;&quot;cuy-girl&quot;;&quot;1&quot;;&quot;342527&quot;;;&quot;SMALL&quot;;&quot;0&quot;
&quot;15&quot;;&quot;1&quot;;&quot;1&quot;;&quot;4&quot;;&quot;bbailey&quot;;&quot;153.89&quot;;&quot;1&quot;;&quot;2017-02-17 16:22:08&quot;
&quot;24&quot;;&quot;1&quot;;&quot;1&quot;;&quot;4&quot;;&quot;bbailey&quot;;&quot;153.89&quot;;&quot;0&quot;;&quot;2017-02-19 09:34:14&quot;
&quot;26&quot;;&quot;1&quot;;&quot;2&quot;;&quot;1&quot;;&quot;bbailey&quot;;&quot;153.89&quot;;&quot;0&quot;;&quot;2017-02-20 12:18:45&quot;
&quot;28&quot;;&quot;1&quot;;&quot;1&quot;;&quot;1&quot;;&quot;bbailey&quot;;&quot;178.07&quot;;&quot;0&quot;;&quot;2017-02-23 15:10:37&quot;
&quot;29&quot;;&quot;1&quot;;&quot;1&quot;;&quot;1&quot;;&quot;bbailey&quot;;&quot;178.07&quot;;&quot;0&quot;;&quot;2017-02-23 15:28:15&quot;
&quot;30&quot;;&quot;1&quot;;&quot;1&quot;;&quot;1&quot;;&quot;bbailey&quot;;&quot;178.07&quot;;&quot;0&quot;;&quot;2017-02-23 15:28:28&quot;
&quot;31&quot;;&quot;1&quot;;&quot;1&quot;;&quot;1&quot;;&quot;bbailey&quot;;&quot;178.07&quot;;&quot;0&quot;;&quot;2017-02-23 15:28:51&quot;
&quot;32&quot;;&quot;1&quot;;&quot;1&quot;;&quot;1&quot;;&quot;bbailey&quot;;&quot;178.07&quot;;&quot;0&quot;;&quot;2017-02-23 15:28:55&quot;
&quot;33&quot;;&quot;1&quot;;&quot;1&quot;;&quot;1&quot;;&quot;bbailey&quot;;&quot;178.07&quot;;&quot;0&quot;;&quot;2017-02-23 15:31:12&quot;
&quot;34&quot;;&quot;1&quot;;&quot;1&quot;;&quot;1&quot;;&quot;bbailey&quot;;&quot;178.07&quot;;&quot;0&quot;;&quot;2017-02-23 15:31:44&quot;
&quot;35&quot;;&quot;1&quot;;&quot;1&quot;;&quot;1&quot;;&quot;bbailey&quot;;&quot;178.07&quot;;&quot;0&quot;;&quot;2017-02-23 15:32:12&quot;
&quot;36&quot;;&quot;1&quot;;&quot;1&quot;;&quot;1&quot;;&quot;bbailey&quot;;&quot;178.07&quot;;&quot;0&quot;;&quot;2017-02-23 15:32:17&quot;
&quot;37&quot;;&quot;1&quot;;&quot;1&quot;;&quot;1&quot;;&quot;bbailey&quot;;&quot;379.73&quot;;&quot;0&quot;;&quot;2017-02-23 15:45:11&quot;
&quot;38&quot;;&quot;1&quot;;&quot;1&quot;;&quot;1&quot;;&quot;bbailey&quot;;&quot;379.73&quot;;&quot;0&quot;;&quot;2017-02-23 15:46:28&quot;
&quot;39&quot;;&quot;1&quot;;&quot;1&quot;;&quot;1&quot;;&quot;bbailey&quot;;&quot;379.73&quot;;&quot;0&quot;;&quot;2017-02-23 15:53:25&quot;
&quot;40&quot;;&quot;4&quot;;&quot;3&quot;;&quot;5&quot;;&quot;SarahB&quot;;&quot;249.2&quot;;&quot;0&quot;;&quot;2017-03-02 15:12:08&quot;
&quot;1&quot;;&quot;bbailey&quot;;&quot;Discover&quot;;&quot;123456786543&quot;;&quot;333&quot;
&quot;4&quot;;&quot;bbailey&quot;;&quot;Visa&quot;;&quot;65748392756&quot;;&quot;333&quot;
&quot;5&quot;;&quot;SarahB&quot;;&quot;Discover&quot;;&quot;3343223&quot;;&quot;324&quot;
&quot;6&quot;;&quot;Mathias-the-great&quot;;&quot;Master Card&quot;;&quot;27342303998&quot;;&quot;356&quot;
&quot;Womens Adidas Running Shoe&quot;;&quot;243489&quot;;&quot;Sirloin pork short loin, capicola swine cupim andouille shank prosciutto ground round turducken cow turkey. Bacon bresaola salami doner landjaeger. Strip steak sirloin doner alcatra ball tip, turkey pork belly shank shankle beef cupim jowl bacon. Boudin andouille shoulder tail sausage pig kevin drumstick beef ham spare ribs frankfurter.&quot;;&quot;0&quot;;&quot;153.46&quot;;;&quot;4:5:6:7:8:9:10&quot;;&quot;Strip steak sirloin doner alcatra ball tip, turkey pork belly shank shankle beef cupim jowl bacon. &quot;
&quot;Womens Tek Gear Running Shorts&quot;;&quot;342527&quot;;&quot;Cow alcatra cupim, fatback pork loin ground round ball tip ham short loin meatloaf tenderloin sirloin pig hamburger. Biltong venison pork belly cupim, leberkas capicola porchetta andouille short ribs. Swine andouille sausage pork chop venison short ribs. Kielbasa turkey brisket tenderloin bresaola corned beef biltong kevin, pig tri-tip ground round beef ribs pork loin jerky venison. Tongue pork shankle kielbasa, pancetta strip steak kevin.

&quot;;&quot;89&quot;;&quot;8.76&quot;;&quot;Blue/Black:Pink/Purple:Green/Black:White/Blue&quot;;&quot;SMALL:MEDIUM:LARGE&quot;;&quot;Tongue pork shankle kielbasa, pancetta strip steak kevin.&quot;
&quot;SONOMA Sweatshirt&quot;;&quot;373940&quot;;&quot;Bacon ipsum dolor amet turducken leberkas burgdoggen biltong pork shankle sirloin swine short loin ham shoulder. Cow chuck kielbasa fatback, filet mignon prosciutto corned beef shoulder. Shoulder bacon jerky, andouille jowl shankle swine drumstick short ribs turducken pastrami capicola brisket. Filet mignon pork loin kevin ground round cupim. Sausage cow pork chop doner venison biltong turducken. Turducken bacon frankfurter jowl jerky landjaeger.

Turducken ribeye spare ribs, jerky ball tip fatback shank chuck beef ribs drumstick kielbasa doner. Turkey brisket kielbasa shoulder filet mignon cupim frankfurter tail beef. Drumstick ham hock turkey venison strip steak leberkas, bresaola short ribs. Ham hock swine turkey shank andouille pork loin beef pork kielbasa tenderloin. Ball tip flank cupim, kielbasa jerky turkey doner. Rump alcatra shankle kevin pancetta sausage. Leberkas cow beef kielbasa strip steak filet mignon kevin.

&quot;;&quot;6&quot;;&quot;20.76&quot;;&quot;Orange:Blue:Pink:Purple:Black:White:Yellow&quot;;&quot;SMALL:MDEDIUM:LARGE&quot;;&quot;Bacon ipsum dolor amet turducken leberkas burgdoggen biltong pork shankle sirloin swine short loin ham shoulder.
&quot;
&quot;ELLE Long Sleeved Sweater&quot;;&quot;457590&quot;;&quot;Beef ribs hamburger t-bone boudin andouille. Short loin brisket drumstick corned beef sausage burgdoggen leberkas ham hock meatball strip steak sirloin beef ribs. Jerky burgdoggen doner sausage tongue ball tip. Picanha capicola landjaeger bacon hamburger. Leberkas ham andouille, drumstick chuck venison alcatra swine. Short loin chicken pancetta jowl pork kielbasa.

Spare ribs short ribs meatloaf cupim capicola chuck frankfurter beef ribs. Brisket bresaola ribeye ham t-bone. Pancetta ham tri-tip pork belly biltong. Pig ham shoulder, pork loin frankfurter strip steak alcatra short loin sausage. Pork belly short loin pork, salami tail ham pancetta frankfurter.

&quot;;&quot;50&quot;;&quot;4.78&quot;;;&quot;SMALL:MEDIUM:LARGE&quot;;&quot;Chicken chuck biltong doner meatloaf capicola kielbasa. Ground round beef ribs cupim pork loin bacon flank. &quot;
&quot;Nike Running Capris&quot;;&quot;466343&quot;;&quot;Sausage burgdoggen shoulder, jerky tail flank short ribs shank porchetta cow. Frankfurter swine jowl short loin salami pork belly pork short ribs meatloaf ham hock shoulder. Meatball flank brisket short ribs. Porchetta ground round doner pastrami landjaeger, brisket jowl. Rump strip steak leberkas, ribeye spare ribs hamburger pig kevin t-bone beef ribs bresaola flank corned beef prosciutto cow.

Kevin shank brisket ribeye bresaola burgdoggen chicken short ribs andouille alcatra pancetta. Doner corned beef pig alcatra short loin strip steak tri-tip boudin turducken. Picanha chicken pork chop, tongue fatback turkey rump. Cow corned beef pork, biltong pancetta leberkas cupim meatball. Hamburger bresaola sirloin, tenderloin cupim pork belly ham hock alcatra tongue jerky beef ribs bacon turducken. Porchetta sausage hamburger, alcatra jerky meatloaf pork belly drumstick.

Biltong rump tail, spare ribs sausage chuck jerky capicola ribeye drumstick. Pork belly alcatra ground round, spare ribs frankfurter shank flank kielbasa tail tri-tip andouille short loin. Pancetta pig picanha, cupim biltong kevin bresaola chicken andouille pork loin tri-tip porchetta filet mignon. Drumstick doner cupim turducken shank chuck pork loin shankle rump corned beef pancetta alcatra pig. Swine jowl shank biltong cupim pork sausage doner short ribs ground round turducken tenderloin. Pig sausage spare ribs cupim capicola tenderloin.&quot;;&quot;42&quot;;&quot;14.56&quot;;&quot;Black/Blue:Black/Orange:Blue/Grey:Black/White&quot;;&quot;SMALL:MEDIUM:LARGE&quot;;&quot;Pig sausage spare ribs cupim capicola tenderloin.&quot;
&quot;Womens Tek Gear Shapewear Shorts&quot;;&quot;523241&quot;;&quot;Jowl kevin shank bacon chicken picanha doner pork belly pancetta meatball short loin. Turducken shank kielbasa tail sirloin beef corned beef cow pig bresaola ham hock. Strip steak ham biltong, short ribs andouille doner picanha pancetta. Drumstick andouille prosciutto spare ribs doner venison frankfurter pig short loin shoulder ham hock sausage. Leberkas porchetta shoulder ham pork chop chuck, pork loin capicola fatback. Ham landjaeger ham hock, spare ribs rump prosciutto chicken meatball corned beef chuck jowl.

&quot;;&quot;56&quot;;&quot;8.99&quot;;;&quot;X-SMALL:SMALL:MEDIUM:LARGE&quot;;&quot;Rump prosciutto chicken meatball corned beef chuck jowl.

&quot;
&quot;Chaps Surplice Empire Evening Dress&quot;;&quot;553799&quot;;&quot;Bacon ipsum dolor amet beef sirloin beef ribs spare ribs, jerky pig swine strip steak meatloaf ball tip. Chicken shankle venison doner. Tenderloin kielbasa spare ribs corned beef shankle tongue beef tri-tip pork loin turducken alcatra chicken t-bone. Shank boudin rump andouille.

Fatback shoulder ham hock, leberkas pork loin frankfurter kielbasa biltong ball tip filet mignon spare ribs beef ribs alcatra. Ribeye doner venison jowl spare ribs cupim pork chop turducken. Short ribs swine biltong capicola leberkas jerky sirloin kielbasa drumstick chuck pork loin andouille. Tongue turducken corned beef, burgdoggen pastrami short ribs strip steak rump landjaeger pork chop boudin flank. Prosciutto pork chop alcatra ground round tenderloin. Bacon pig kevin shank ham sirloin salami jowl turducken frankfurter beef short loin pork loin.

Sirloin pork short loin, capicola swine cupim andouille shank prosciutto ground round turducken cow turkey. Bacon bresaola salami doner landjaeger. Strip steak sirloin doner alcatra ball tip, turkey pork belly shank shankle beef cupim jowl bacon. Boudin andouille shoulder tail sausage pig kevin drumstick beef ham spare ribs frankfurter.&quot;;&quot;5&quot;;&quot;15.00&quot;;&quot;Blue:Navy:Black:Mustard:Bronze&quot;;&quot;SMALL:MEDIUM:LARGE&quot;;&quot;Picanha shoulder venison ham hock rump, sirloin ribeye corned beef pig beef ribs ball tip tail.&quot;
&quot;Running Socks&quot;;&quot;567683&quot;;&quot;Fusce at augue a ex suscipit facilisis eget a augue. Quisque consequat eget ante id tincidunt. Sed varius consequat sapien, et iaculis mauris venenatis id. Mauris id nisl placerat, vestibulum quam eu, lobortis mauris. Sed et lacus ut ante mollis lobortis. Fusce malesuada pharetra tortor sed feugiat. Vivamus sit amet purus ac dui sollicitudin varius vel ut erat. Nunc sagittis ut magna sed sollicitudin. Proin ornare porta ligula, sit amet efficitur tortor accumsan quis.&quot;;&quot;27&quot;;&quot;20.89&quot;;;;&quot;Fusce at augue a ex suscipit facilisis eget a augue. Quisque consequat eget ante id tincidunt.&quot;
&quot;Infinity Scarf&quot;;&quot;678096&quot;;&quot;Curabitur lorem turpis, consequat in tempor ac, porta nec eros. Nullam non fringilla nulla. Nunc posuere interdum neque quis porta. Pellentesque congue arcu erat. Mauris tempor mi in ligula aliquet condimentum. Curabitur vel dui purus. Nam dignissim mollis velit, nec imperdiet tellus molestie at. Integer risus elit, tristique id velit eget, egestas ornare ante. Sed et consectetur nisl. Integer ac ipsum mauris. Nullam porttitor fermentum justo non auctor. Etiam cursus, metus in tincidunt luctus, ex est volutpat neque, et feugiat ex quam vitae elit.&quot;;&quot;10&quot;;&quot;5.99&quot;;&quot;Orange:Purple:Blue:Green:Red&quot;;;&quot; Vivamus sit amet purus ac dui sollicitudin varius vel ut erat. &quot;
&quot;Running Shoes&quot;;&quot;778630&quot;;&quot;Aenean varius vel metus egestas viverra. Cras sed mollis mauris, quis ultrices ante. Vivamus fringilla odio augue, eget tincidunt lorem varius ut. Aliquam tristique vulputate elementum. Duis consequat nunc felis, sed malesuada arcu commodo et. Quisque porttitor dui non diam consectetur facilisis. Aliquam ut lacus sagittis, convallis ex ut, dictum enim. Donec consectetur sapien vitae tortor imperdiet posuere. Nam ut gravida turpis, sit amet venenatis augue. Duis congue massa eu turpis laoreet, id euismod nisi blandit. Donec tempus nulla at augue consectetur, nec dictum dui condimentum. Donec ornare fermentum orci, vitae euismod lacus cursus bibendum. Suspendisse feugiat, mauris id tempor consectetur, massa leo accumsan lectus, eget accumsan ipsum mi a odio. Vivamus ante diam, hendrerit non vulputate a, consectetur pulvinar elit.

In sem tellus, lobortis eu auctor non, efficitur eget lorem. Suspendisse tempor ornare dapibus. Nunc et odio eget urna egestas posuere. Ut laoreet viverra tellus. Nulla faucibus arcu metus, sed blandit nibh rutrum vel. Pellentesque habitant morbi tristique senectus et netus et malesuada fames ac turpis egestas. Pellentesque suscipit pulvinar velit vitae accumsan.&quot;;&quot;0&quot;;&quot;12.50&quot;;;&quot;Small:Medium:Large&quot;;&quot; Nunc congue ullamcorper tortor, sed malesuada lorem pellentesque non.&quot;
&quot;Evening Dress&quot;;&quot;782030&quot;;&quot;Ut pulvinar eleifend est blandit ullamcorper. Etiam vel volutpat lacus. In hac habitasse platea dictumst. Duis sagittis blandit mauris in auctor. Sed quis mattis eros, quis tempus nisl. Quisque nunc augue, consequat nec nibh et, finibus cursus nisl. Nunc interdum fermentum elit, non luctus neque venenatis sed. Nunc vestibulum felis arcu, in vehicula mi tempus sed. Morbi congue quam nec tortor mattis, in consequat tellus faucibus. Sed sollicitudin porta nunc non suscipit. Interdum et malesuada fames ac ante ipsum primis in faucibus. Etiam ligula nunc, cursus a ipsum et, sagittis mollis nulla. Vestibulum ante ipsum primis in faucibus orci luctus et ultrices posuere cubilia Curae; Duis pellentesque et quam id sollicitudin. Duis facilisis nunc sem, id fermentum libero lobortis quis. Integer et velit finibus, maximus risus et, iaculis augue.&quot;;&quot;19&quot;;&quot;15.99&quot;;&quot;Black:Blue&quot;;&quot;X-SMALL:SMALL:MEDIUM:LARGE:X-LARGE&quot;;&quot;Mauris posuere sodales ligula non dapibus. In aliquet arcu non orci tincidunt rutrum. &quot;
&quot;Cold Shoulder Fit and Flare&quot;;&quot;928352&quot;;&quot;Jowl kevin shank bacon chicken picanha doner pork belly pancetta meatball short loin. Turducken shank kielbasa tail sirloin beef corned beef cow pig bresaola ham hock. Strip steak ham biltong, short ribs andouille doner picanha pancetta. Drumstick andouille prosciutto spare ribs doner venison frankfurter pig short loin shoulder ham hock sausage. Leberkas porchetta shoulder ham pork chop chuck, pork loin capicola fatback. Ham landjaeger ham hock, spare ribs rump prosciutto chicken meatball corned beef chuck jowl.&quot;;&quot;25&quot;;&quot;51&quot;;&quot;Black:Orange:Blue&quot;;&quot;SMALL:MEDIUM:LARGE&quot;;&quot;Pig tail jerky, fatback sausage boudin rump. &quot;
&quot;1&quot;;&quot;778630&quot;;&quot;Brooke&quot;;&quot;Lorem ipsum dolor sit amet, consectetur adipiscing elit. Quisque pulvinar felis ex, ut pulvinar velit suscipit ac. Nulla orci eros, pharetra eu sagittis non, mattis sit amet felis. Donec pretium felis dui, commodo varius felis elementum a. Integer posuere risus et augue lobortis, at sagittis ligula interdum. In sagittis elit feugiat massa tristique, vel mollis quam interdum. Duis elit nisi, hendrerit convallis odio in, fermentum consectetur risus. Maecenas ornare odio id sapien semper, sed gravida sapien ultricies. Praesent sodales gravida viverra. Aenean sed lacus nec metus placerat aliquam id quis diam.

&quot;;&quot;2016-09-17&quot;;&quot;3&quot;
&quot;2&quot;;&quot;778630&quot;;&quot;Caleb&quot;;&quot;Quisque sodales lectus in vulputate tincidunt. Nunc sed eros porta, pharetra sapien id, sollicitudin leo. Nam erat quam, ultrices eget sem a, tempor posuere nunc. Integer in erat vestibulum, congue libero in, vestibulum felis. Cras dictum, metus vitae tempus laoreet, nunc magna vulputate ipsum, et dictum sapien mi vel tortor. Mauris cursus nec sem ut varius. Sed pulvinar turpis nec odio bibendum pellentesque. Sed rhoncus, magna quis varius malesuada, metus justo semper risus, et dapibus turpis nisl in velit. Cras rhoncus, elit vel cursus blandit, lacus urna vestibulum velit, eget imperdiet ex ante id tellus. Praesent at libero a augue euismod volutpat placerat vitae metus.

Cum sociis natoque penatibus et magnis dis parturient montes, nascetur ridiculus mus. Duis viverra non mi id tempor. Donec vehicula ante lobortis congue volutpat. Vivamus rutrum mauris sit amet pellentesque efficitur. Proin sed venenatis enim, eget consequat ante. Donec dignissim est quis erat rutrum scelerisque. Vestibulum sed luctus nibh. Etiam neque turpis, pharetra quis lorem quis, venenatis sollicitudin tellus. Fusce nisl tellus, luctus sed auctor et, tincidunt at quam. Nulla mattis sapien nibh, auctor pulvinar magna posuere sed. Ut sodales sapien eu 

orci egestas, ut ornare velit sagittis. Nullam non placerat justo.
Cum sociis natoque penatibus et magnis dis parturient montes, nascetur ridiculus mus. Duis viverra non mi id tempor. Donec vehicula ante lobortis congue volutpat. Vivamus rutrum mauris sit amet pellentesque efficitur. Proin sed venenatis enim, eget consequat ante. Donec dignissim est quis erat rutrum scelerisque. Vestibulum sed luctus nibh. Etiam neque turpis, pharetra quis lorem quis, venenatis sollicitudin tellus. Fusce nisl tellus, luctus sed auctor et, tincidunt at quam. Nulla mattis sapien nibh, auctor pulvinar magna posuere sed. Ut sodales sapien eu orci egestas, ut ornare velit sagittis. Nullam non placerat justo.&quot;;&quot;2016-09-04&quot;;&quot;5&quot;
&quot;3&quot;;&quot;778630&quot;;&quot;Sarah&quot;;&quot;Quisque sodales lectus in vulputate tincidunt. Nunc sed eros porta, pharetra sapien id, sollicitudin leo. Nam erat quam, ultrices eget sem a, tempor posuere nunc. Integer in erat vestibulum, congue libero in, vestibulum felis. Cras dictum, metus vitae tempus laoreet, nunc magna vulputate ipsum, et dictum sapien mi vel tortor. Mauris cursus nec sem ut varius. Sed pulvinar turpis nec odio bibendum pellentesque. Sed rhoncus, magna quis varius malesuada, metus justo semper risus, et dapibus turpis nisl in velit. Cras rhoncus, elit vel cursus blandit, lacus urna vestibulum velit, eget imperdiet ex ante id tellus. Praesent at libero a augue euismod volutpat placerat vitae metus.
Quisque sodales lectus in vulputate tincidunt. Nunc sed eros porta, pharetra sapien id, sollicitudin leo. Nam erat quam, ultrices eget sem a, tempor posuere nunc. Integer in erat vestibulum, congue libero in, vestibulum felis. Cras dictum, metus vitae tempus laoreet, nunc magna vulputate ipsum, et dictum sapien mi vel tortor. Mauris cursus nec sem ut varius. Sed pulvinar turpis nec odio bibendum pellentesque. Sed rhoncus, magna quis varius malesuada, metus justo semper risus, et dapibus turpis nisl in velit. Cras rhoncus, elit vel cursus blandit, lacus urna vestibulum velit, eget imperdiet ex ante id tellus. Praesent at libero a augue euismod volutpat placerat vitae metus.
Quisque sodales lectus in vulputate tincidunt. Nunc sed eros porta, pharetra sapien id, sollicitudin leo. Nam erat quam, ultrices eget sem a, tempor posuere nunc. Integer in erat vestibulum, congue libero in, vestibulum felis. Cras dictum, metus vitae tempus laoreet, nunc magna vulputate ipsum, et dictum sapien mi vel tortor. Mauris cursus nec sem ut varius. Sed pulvinar turpis nec odio bibendum pellentesque. Sed rhoncus, magna quis varius malesuada, metus justo semper risus, et dapibus turpis nisl in velit. Cras rhoncus, elit vel cursus blandit, lacus urna vestibulum velit, eget imperdiet ex ante id tellus. Praesent at libero a augue euismod volutpat placerat vitae metus.

Cum sociis natoque penatibus et magnis dis parturient montes, nascetur ridiculus mus. Duis viverra non mi id tempor. Donec vehicula ante lobortis congue volutpat. Vivamus rutrum mauris sit amet pellentesque efficitur. Proin sed venenatis enim, eget consequat ante. Donec dignissim est quis erat rutrum scelerisque. Vestibulum sed luctus nibh. Etiam neque turpis, pharetra quis lorem quis, venenatis sollicitudin tellus. Fusce nisl tellus, luctus sed auctor et, tincidunt at quam. Nulla mattis sapien nibh, auctor pulvinar magna posuere sed. Ut sodales sapien eu 

orci egestas, ut ornare velit sagittis. Nullam non placerat justo.
Cum sociis natoque penatibus et magnis dis parturient montes, nascetur ridiculus mus. Duis viverra non mi id tempor. Donec vehicula ante lobortis congue volutpat. Vivamus rutrum mauris sit amet pellentesque efficitur. Proin sed venenatis enim, eget consequat ante. Donec dignissim est quis erat rutrum scelerisque. Vestibulum sed luctus nibh. Etiam neque turpis, pharetra quis lorem quis, venenatis sollicitudin tellus. Fusce nisl tellus, luctus sed auctor et, tincidunt at quam. Nulla mattis sapien nibh, auctor pulvinar magna posuere sed. Ut sodales sapien eu orci egestas, ut ornare velit sagittis. Nullam non placerat justo.&quot;;&quot;2017-02-13&quot;;&quot;2&quot;
&quot;6&quot;;&quot;342527&quot;;&quot;Joel&quot;;&quot;Brisket kevin kielbasa sirloin. Pork tongue cupim salami shoulder, porchetta kevin chicken leberkas t-bone beef ribs jerky doner. Salami pastrami ball tip ribeye, capicola pork loin pig leberkas spare ribs filet mignon prosciutto. Pork cupim chuck pig sirloin beef ribs leberkas kielbasa pork loin t-bone meatball doner short ribs ribeye. Burgdoggen shoulder turducken prosciutto tri-tip spare ribs beef t-bone picanha cupim. Pastrami pork meatloaf turkey pork loin beef beef ribs ground round doner jerky brisket strip steak kevin ball tip. Drumstick turkey ribeye, strip steak sausage andouille biltong cupim bresaola jerky beef ribs short loin cow shank.&quot;;&quot;2017-02-23&quot;;&quot;3&quot;
&quot;7&quot;;&quot;373940&quot;;&quot;Jack&quot;;&quot;Brisket kevin kielbasa sirloin. Pork tongue cupim salami shoulder, porchetta kevin chicken leberkas t-bone beef ribs jerky doner. Salami pastrami ball tip ribeye, capicola pork loin pig leberkas spare ribs filet mignon prosciutto. Pork cupim chuck pig sirloin beef ribs leberkas kielbasa pork loin t-bone meatball doner short ribs ribeye. Burgdoggen shoulder turducken prosciutto tri-tip spare ribs beef t-bone picanha cupim. Pastrami pork meatloaf turkey pork loin beef beef ribs ground round doner jerky brisket strip steak kevin ball tip. Drumstick turkey ribeye, strip steak sausage andouille biltong cupim bresaola jerky beef ribs short loin cow shank.Brisket kevin kielbasa sirloin. Pork tongue cupim salami shoulder, porchetta kevin chicken leberkas t-bone beef ribs jerky doner. Salami pastrami ball tip ribeye, capicola pork loin pig leberkas spare ribs filet mignon prosciutto. Pork cupim chuck pig sirloin beef ribs leberkas kielbasa pork loin t-bone meatball doner short ribs ribeye. Burgdoggen shoulder turducken prosciutto tri-tip spare ribs beef t-bone picanha cupim. Pastrami pork meatloaf turkey pork loin beef beef ribs ground round doner jerky brisket strip steak kevin ball tip. Drumstick turkey ribeye, strip steak sausage andouille biltong cupim bresaola jerky beef ribs short loin cow shank.&quot;;&quot;2017-02-22&quot;;&quot;4&quot;
&quot;8&quot;;&quot;523241&quot;;&quot;Debbi&quot;;&quot;Drumstick cupim tail bresaola ground round porchetta sausage jerky. Leberkas short ribs cupim turducken, rump salami tail chuck burgdoggen jerky jowl picanha shank. Pancetta alcatra beef shoulder turkey, pork chop short loin t-bone pork belly. Burgdoggen corned beef pastrami, meatball doner cupim andouille landjaeger. Tail prosciutto jerky ham hock ball tip biltong alcatra. Meatball ribeye flank, jerky beef filet mignon brisket.

Fatback meatball frankfurter tongue pork cow beef ribs prosciutto rump t-bone. Shoulder shankle brisket beef ribs corned beef prosciutto. Jerky strip steak cupim hamburger tri-tip filet mignon bresaola ball tip swine chicken pork pastrami chuck. Turkey andouille tongue meatball, swine ground round shank brisket venison salami ribeye.&quot;;&quot;2017-02-02&quot;;&quot;5&quot;
&quot;9&quot;;&quot;553799&quot;;&quot;Patrick&quot;;&quot;Bacon ipsum dolor amet beef sirloin beef ribs spare ribs, jerky pig swine strip steak meatloaf ball tip. Chicken shankle venison doner. Tenderloin kielbasa spare ribs corned beef shankle tongue beef tri-tip pork loin turducken alcatra chicken t-bone. Shank boudin rump andouille.

Fatback shoulder ham hock, leberkas pork loin frankfurter kielbasa biltong ball tip filet mignon spare ribs beef ribs alcatra. Ribeye doner venison jowl spare ribs cupim pork chop turducken. Short ribs swine biltong capicola leberkas jerky sirloin kielbasa drumstick chuck pork loin andouille. Tongue turducken corned beef, burgdoggen pastrami short ribs strip steak rump landjaeger pork chop boudin flank. Prosciutto pork chop alcatra ground round tenderloin. Bacon pig kevin shank ham sirloin salami jowl turducken frankfurter beef short loin pork loin.

Sirloin pork short loin, capicola swine cupim andouille shank prosciutto ground round turducken cow turkey. Bacon bresaola salami doner landjaeger. Strip steak sirloin doner alcatra ball tip, turkey pork belly shank shankle beef cupim jowl bacon. Boudin andouille shoulder tail sausage pig kevin drumstick beef ham spare ribs frankfurter.

Picanha shoulder venison ham hock rump, sirloin ribeye corned beef pig beef ribs ball tip tail. Turducken tri-tip kielbasa flank filet mignon brisket. Pig tail jerky, fatback sausage boudin rump. Ribeye rump salami, sausage capicola turkey boudin kielbasa swine ball tip bresaola short ribs ground round.

Landjaeger frankfurter kielbasa filet mignon tri-tip turducken. Fatback drumstick short ribs tri-tip, sirloin ham hock pork chop shoulder ribeye t-bone. Biltong turkey pork chicken porchetta frankfurter ribeye shoulder boudin sirloin corned beef chuck hamburger. Burgdoggen drumstick pork loin kielbasa pork belly ham hock.

Sausage burgdoggen shoulder, jerky tail flank short ribs shank porchetta cow. Frankfurter swine jowl short loin salami pork belly pork short ribs meatloaf ham hock shoulder. Meatball flank brisket short ribs. Porchetta ground round doner pastrami landjaeger, brisket jowl. Rump strip steak leberkas, ribeye spare ribs hamburger pig kevin t-bone beef ribs bresaola flank corned beef prosciutto cow.

Kevin shank brisket ribeye bresaola burgdoggen chicken short ribs andouille alcatra pancetta. Doner corned beef pig alcatra short loin strip steak tri-tip boudin turducken. Picanha chicken pork chop, tongue fatback turkey rump. Cow corned beef pork, biltong pancetta leberkas cupim meatball. Hamburger bresaola sirloin, tenderloin cupim pork belly ham hock alcatra tongue jerky beef ribs bacon turducken. Porchetta sausage hamburger, alcatra jerky meatloaf pork belly drumstick.

Biltong rump tail, spare ribs sausage chuck jerky capicola ribeye drumstick. Pork belly alcatra ground round, spare ribs frankfurter shank flank kielbasa tail tri-tip andouille short loin. Pancetta pig picanha, cupim biltong kevin bresaola chicken andouille pork loin tri-tip porchetta filet mignon. Drumstick doner cupim turducken shank chuck pork loin shankle rump corned beef pancetta alcatra pig. Swine jowl shank biltong cupim pork sausage doner short ribs ground round turducken tenderloin. Pig sausage spare ribs cupim capicola tenderloin.

Cow alcatra cupim, fatback pork loin ground round ball tip ham short loin meatloaf tenderloin sirloin pig hamburger. Biltong venison pork belly cupim, leberkas capicola porchetta andouille short ribs. Swine andouille sausage pork chop venison short ribs. Kielbasa turkey brisket tenderloin bresaola corned beef biltong kevin, pig tri-tip ground round beef ribs pork loin jerky venison. Tongue pork shankle kielbasa, pancetta strip steak kevin.

Jowl kevin shank bacon chicken picanha doner pork belly pancetta meatball short loin. Turducken shank kielbasa tail sirloin beef corned beef cow pig bresaola ham hock. Strip steak ham biltong, short ribs andouille doner picanha pancetta. Drumstick andouille prosciutto spare ribs doner venison frankfurter pig short loin shoulder ham hock sausage. Leberkas porchetta shoulder ham pork chop chuck, pork loin capicola fatback. Ham landjaeger ham hock, spare ribs rump prosciutto chicken meatball corned beef chuck jowl.

Jowl filet mignon shank cow, sirloin beef ribs ball tip ribeye chuck pork andouille salami pancetta leberkas tail. Filet mignon beef ribs tail pork biltong jowl fatback pork loin bresaola pork belly pig jerky short ribs spare ribs pastrami. Kielbasa salami jowl prosciutto ham beef. Cow meatball bresaola boudin ham. Hamburger kielbasa picanha tenderloin.

Frankfurter short loin tenderloin sausage doner pork chop cow ground round picanha shank t-bone shankle. Leberkas bacon pork cow cupim tri-tip shankle corned beef chuck picanha biltong ham sausage tail. Drumstick pork loin jowl, ribeye landjaeger andouille burgdoggen shoulder jerky corned beef leberkas. Bacon sausage doner jowl beef ribs sirloin. Flank sirloin swine cupim kielbasa pork belly tongue pork pastrami. Fatback shankle turkey sausage bacon biltong, chicken short ribs tail salami landjaeger cow picanha strip steak.

Shoulder tenderloin ground round shank capicola kielbasa short loin. Landjaeger kevin bacon shankle ground round short ribs pork chop flank fatback picanha bresaola strip steak sirloin turducken short loin. Swine porchetta boudin landjaeger, chicken cow jerky hamburger venison biltong shankle pig leberkas. Flank pork cow, frankfurter leberkas capicola brisket alcatra fatback sirloin shankle ribeye. Strip steak t-bone pastrami tri-tip boudin, tongue sirloin venison prosciutto frankfurter shank. Jowl sirloin rump bacon ground round beef shankle short loin turkey pork belly. Ham shankle short loin hamburger.

Beef fatback ribeye, ball tip picanha prosciutto short ribs short loin pastrami pork loin burgdoggen cupim meatball turkey. Turducken biltong chicken bacon pork loin pork belly ball tip pancetta. Pork loin meatball boudin, tongue short loin shoulder landjaeger pork belly ham hock chicken ball tip. Capicola turducken boudin salami, tri-tip pastrami beef tail.

Landjaeger pig porchetta salami frankfurter, turducken burgdoggen swine alcatra venison leberkas pastrami bresaola. T-bone tongue tri-tip ground round. Tongue jowl porchetta ground round venison. Meatball cow shankle pork pork belly, kevin bresaola jerky drumstick pastrami strip steak venison tenderloin meatloaf frankfurter. Ham alcatra pork loin andouille sausage short ribs shank fatback sirloin kevin ball tip spare ribs jowl ham hock. Tail pork belly meatball, ribeye picanha porchetta hamburger pork chop chuck frankfurter. Jowl frankfurter short ribs prosciutto, sirloin tail meatloaf.

Brisket shank pork loin, spare ribs kevin short ribs biltong venison. Pastrami tri-tip bresaola, pig alcatra bacon beef ribs. Capicola porchetta pork loin frankfurter pancetta. Short loin beef tri-tip shank pork loin. Cow filet mignon rump, biltong meatloaf pancetta hamburger. Shoulder fatback biltong, short ribs turducken ball tip filet mignon salami short loin beef pig shank.

Brisket kevin kielbasa sirloin. Pork tongue cupim salami shoulder, porchetta kevin chicken leberkas t-bone beef ribs jerky doner. Salami pastrami ball tip ribeye, capicola pork loin pig leberkas spare ribs filet mignon prosciutto. Pork cupim chuck pig sirloin beef ribs leberkas kielbasa pork loin t-bone meatball doner short ribs ribeye. Burgdoggen shoulder turducken prosciutto tri-tip spare ribs beef t-bone picanha cupim. Pastrami pork meatloaf turkey pork loin beef beef ribs ground round doner jerky brisket strip steak kevin ball tip. Drumstick turkey ribeye, strip steak sausage andouille biltong cupim bresaola jerky beef ribs short loin cow shank.

Sausage pork belly andouille frankfurter pork beef. Bacon short ribs capicola, fatback andouille cow cupim pastrami beef tri-tip ham flank rump. Porchetta capicola t-bone, shank frankfurter corned beef tail kielbasa. T-bone strip steak biltong pancetta. Leberkas meatloaf corned beef drumstick, capicola beef ribs venison short ribs.&quot;;&quot;2017-02-12&quot;;&quot;1&quot;
&quot;10&quot;;&quot;928352&quot;;&quot;Patrice&quot;;&quot;Drumstick cupim tail bresaola ground round porchetta sausage jerky. Leberkas short ribs cupim turducken, rump salami tail chuck burgdoggen jerky jowl picanha shank. Pancetta alcatra beef shoulder turkey, pork chop short loin t-bone pork belly. Burgdoggen corned beef pastrami, meatball doner cupim andouille landjaeger. Tail prosciutto jerky ham hock ball tip biltong alcatra. Meatball ribeye flank, jerky beef filet mignon brisket.

Fatback meatball frankfurter tongue pork cow beef ribs prosciutto rump t-bone. Shoulder shankle brisket beef ribs corned beef prosciutto. Jerky strip steak cupim hamburger tri-tip filet mignon bresaola ball tip swine chicken pork pastrami chuck. Turkey andouille tongue meatball, swine ground round shank brisket venison salami ribeye.&quot;;&quot;2017-01-16&quot;;&quot;5&quot;
&quot;11&quot;;&quot;553799&quot;;&quot;Matthew&quot;;&quot;Bacon ipsum dolor amet beef sirloin beef ribs spare ribs, jerky pig swine strip steak meatloaf ball tip. Chicken shankle venison doner. Tenderloin kielbasa spare ribs corned beef shankle tongue beef tri-tip pork loin turducken alcatra chicken t-bone. Shank boudin rump andouille.

Fatback shoulder ham hock, leberkas pork loin frankfurter kielbasa biltong ball tip filet mignon spare ribs beef ribs alcatra. Ribeye doner venison jowl spare ribs cupim pork chop turducken. Short ribs swine biltong capicola leberkas jerky sirloin kielbasa drumstick chuck pork loin andouille. Tongue turducken corned beef, burgdoggen pastrami short ribs strip steak rump landjaeger pork chop boudin flank. Prosciutto pork chop alcatra ground round tenderloin. Bacon pig kevin shank ham sirloin salami jowl turducken frankfurter beef short loin pork loin.

Sirloin pork short loin, capicola swine cupim andouille shank prosciutto ground round turducken cow turkey. Bacon bresaola salami doner landjaeger. Strip steak sirloin doner alcatra ball tip, turkey pork belly shank shankle beef cupim jowl bacon. Boudin andouille shoulder tail sausage pig kevin drumstick beef ham spare ribs frankfurter.

Picanha shoulder venison ham hock rump, sirloin ribeye corned beef pig beef ribs ball tip tail. Turducken tri-tip kielbasa flank filet mignon brisket. Pig tail jerky, fatback sausage boudin rump. Ribeye rump salami, sausage capicola turkey boudin kielbasa swine ball tip bresaola short ribs ground round.

Landjaeger frankfurter kielbasa filet mignon tri-tip turducken. Fatback drumstick short ribs tri-tip, sirloin ham hock pork chop shoulder ribeye t-bone. Biltong turkey pork chicken porchetta frankfurter ribeye shoulder boudin sirloin corned beef chuck hamburger. Burgdoggen drumstick pork loin kielbasa pork belly ham hock.

Sausage burgdoggen shoulder, jerky tail flank short ribs shank porchetta cow. Frankfurter swine jowl short loin salami pork belly pork short ribs meatloaf ham hock shoulder. Meatball flank brisket short ribs. Porchetta ground round doner pastrami landjaeger, brisket jowl. Rump strip steak leberkas, ribeye spare ribs hamburger pig kevin t-bone beef ribs bresaola flank corned beef prosciutto cow.

Kevin shank brisket ribeye bresaola burgdoggen chicken short ribs andouille alcatra pancetta. Doner corned beef pig alcatra short loin strip steak tri-tip boudin turducken. Picanha chicken pork chop, tongue fatback turkey rump. Cow corned beef pork, biltong pancetta leberkas cupim meatball. Hamburger bresaola sirloin, tenderloin cupim pork belly ham hock alcatra tongue jerky beef ribs bacon turducken. Porchetta sausage hamburger, alcatra jerky meatloaf pork belly drumstick.

Biltong rump tail, spare ribs sausage chuck jerky capicola ribeye drumstick. Pork belly alcatra ground round, spare ribs frankfurter shank flank kielbasa tail tri-tip andouille short loin. Pancetta pig picanha, cupim biltong kevin bresaola chicken andouille pork loin tri-tip porchetta filet mignon. Drumstick doner cupim turducken shank chuck pork loin shankle rump corned beef pancetta alcatra pig. Swine jowl shank biltong cupim pork sausage doner short ribs ground round turducken tenderloin. Pig sausage spare ribs cupim capicola tenderloin.

Cow alcatra cupim, fatback pork loin ground round ball tip ham short loin meatloaf tenderloin sirloin pig hamburger. Biltong venison pork belly cupim, leberkas capicola porchetta andouille short ribs. Swine andouille sausage pork chop venison short ribs. Kielbasa turkey brisket tenderloin bresaola corned beef biltong kevin, pig tri-tip ground round beef ribs pork loin jerky venison. Tongue pork shankle kielbasa, pancetta strip steak kevin.

Jowl kevin shank bacon chicken picanha doner pork belly pancetta meatball short loin. Turducken shank kielbasa tail sirloin beef corned beef cow pig bresaola ham hock. Strip steak ham biltong, short ribs andouille doner picanha pancetta. Drumstick andouille prosciutto spare ribs doner venison frankfurter pig short loin shoulder ham hock sausage. Leberkas porchetta shoulder ham pork chop chuck, pork loin capicola fatback. Ham landjaeger ham hock, spare ribs rump prosciutto chicken meatball corned beef chuck jowl.

Jowl filet mignon shank cow, sirloin beef ribs ball tip ribeye chuck pork andouille salami pancetta leberkas tail. Filet mignon beef ribs tail pork biltong jowl fatback pork loin bresaola pork belly pig jerky short ribs spare ribs pastrami. Kielbasa salami jowl prosciutto ham beef. Cow meatball bresaola boudin ham. Hamburger kielbasa picanha tenderloin.

Frankfurter short loin tenderloin sausage doner pork chop cow ground round picanha shank t-bone shankle. Leberkas bacon pork cow cupim tri-tip shankle corned beef chuck picanha biltong ham sausage tail. Drumstick pork loin jowl, ribeye landjaeger andouille burgdoggen shoulder jerky corned beef leberkas. Bacon sausage doner jowl beef ribs sirloin. Flank sirloin swine cupim kielbasa pork belly tongue pork pastrami. Fatback shankle turkey sausage bacon biltong, chicken short ribs tail salami landjaeger cow picanha strip steak.

Shoulder tenderloin ground round shank capicola kielbasa short loin. Landjaeger kevin bacon shankle ground round short ribs pork chop flank fatback picanha bresaola strip steak sirloin turducken short loin. Swine porchetta boudin landjaeger, chicken cow jerky hamburger venison biltong shankle pig leberkas. Flank pork cow, frankfurter leberkas capicola brisket alcatra fatback sirloin shankle ribeye. Strip steak t-bone pastrami tri-tip boudin, tongue sirloin venison prosciutto frankfurter shank. Jowl sirloin rump bacon ground round beef shankle short loin turkey pork belly. Ham shankle short loin hamburger.

Beef fatback ribeye, ball tip picanha prosciutto short ribs short loin pastrami pork loin burgdoggen cupim meatball turkey. Turducken biltong chicken bacon pork loin pork belly ball tip pancetta. Pork loin meatball boudin, tongue short loin shoulder landjaeger pork belly ham hock chicken ball tip. Capicola turducken boudin salami, tri-tip pastrami beef tail.

Landjaeger pig porchetta salami frankfurter, turducken burgdoggen swine alcatra venison leberkas pastrami bresaola. T-bone tongue tri-tip ground round. Tongue jowl porchetta ground round venison. Meatball cow shankle pork pork belly, kevin bresaola jerky drumstick pastrami strip steak venison tenderloin meatloaf frankfurter. Ham alcatra pork loin andouille sausage short ribs shank fatback sirloin kevin ball tip spare ribs jowl ham hock. Tail pork belly meatball, ribeye picanha porchetta hamburger pork chop chuck frankfurter. Jowl frankfurter short ribs prosciutto, sirloin tail meatloaf.

Brisket shank pork loin, spare ribs kevin short ribs biltong venison. Pastrami tri-tip bresaola, pig alcatra bacon beef ribs. Capicola porchetta pork loin frankfurter pancetta. Short loin beef tri-tip shank pork loin. Cow filet mignon rump, biltong meatloaf pancetta hamburger. Shoulder fatback biltong, short ribs turducken ball tip filet mignon salami short loin beef pig shank.

Brisket kevin kielbasa sirloin. Pork tongue cupim salami shoulder, porchetta kevin chicken leberkas t-bone beef ribs jerky doner. Salami pastrami ball tip ribeye, capicola pork loin pig leberkas spare ribs filet mignon prosciutto. Pork cupim chuck pig sirloin beef ribs leberkas kielbasa pork loin t-bone meatball doner short ribs ribeye. Burgdoggen shoulder turducken prosciutto tri-tip spare ribs beef t-bone picanha cupim. Pastrami pork meatloaf turkey pork loin beef beef ribs ground round doner jerky brisket strip steak kevin ball tip. Drumstick turkey ribeye, strip steak sausage andouille biltong cupim bresaola jerky beef ribs short loin cow shank.

Sausage pork belly andouille frankfurter pork beef. Bacon short ribs capicola, fatback andouille cow cupim pastrami beef tri-tip ham flank rump. Porchetta capicola t-bone, shank frankfurter corned beef tail kielbasa. T-bone strip steak biltong pancetta. Leberkas meatloaf corned beef drumstick, capicola beef ribs venison short ribs.&quot;;&quot;2017-01-25&quot;;&quot;1&quot;
&quot;1&quot;;&quot;bbailey&quot;;&quot;Brooke Bailey&quot;;&quot;20350 Shady Acres Drive&quot;;&quot;VA&quot;;&quot;22856&quot;;&quot;Elkton&quot;
&quot;2&quot;;&quot;bbailey&quot;;&quot;Sarah&quot;;&quot;2363840&quot;;&quot;CA&quot;;&quot;32434&quot;;&quot;Denver&quot;
&quot;3&quot;;&quot;SarahB&quot;;&quot;Sarah&quot;;&quot;5678 South Main Street&quot;;&quot;AZ&quot;;&quot;354675&quot;;&quot;Pheonix&quot;
&quot;4&quot;;&quot;Mathias-the-great&quot;;&quot;Mathias Walters&quot;;&quot;5689 East Side Highway&quot;;&quot;VA&quot;;&quot;22801&quot;;&quot;Harrisonburg&quot;
&quot;5&quot;;&quot;Mathias-the-great&quot;;&quot;Mathias Walters&quot;;&quot;5689 East Side Highway&quot;;&quot;VA&quot;;&quot;22801&quot;;&quot;Harrisonburg&quot;
&quot;Brooke Bailey&quot;;&quot;bbailey&quot;;&quot;brookeobailey@gmail.com&quot;;&quot;1991-11-20&quot;;&quot;540-209-7411&quot;;&quot;25f9e794323b453885f5181f1b624d0b&quot;
&quot;Jamie&quot;;&quot;cuy-girl&quot;;&quot;hello@example.com&quot;;&quot;1990-09-11&quot;;&quot;6387673564&quot;;&quot;25f9e794323b453885f5181f1b624d0b&quot;
&quot;Sarah&quot;;&quot;SarahB&quot;;&quot;sarah@gmail.com&quot;;&quot;1990-03-17&quot;;&quot;3546735269&quot;;&quot;25f9e794323b453885f5181f1b624d0b&quot;
&quot;Martin&quot;;&quot;Marty&quot;;&quot;marty@aol.com&quot;;&quot;1978-11-15&quot;;&quot;6548791498&quot;;&quot;25f9e794323b453885f5181f1b624d0b&quot;
&quot;Mathias&quot;;&quot;Mathias-the-great&quot;;&quot;mathiasTheGreat@gmail.com&quot;;&quot;1976-12-23&quot;;&quot;7869824509&quot;;&quot;25f9e794323b453885f5181f1b624d0b&quot;
&quot;1&quot;;&quot;bbailey&quot;;&quot;782030&quot;
